"district","street_type","name"
"Ленінський","Вулиця","20 років міліції"
"Ленінський","Вулиця","40 років Жовтня"
"Кіровський","Вулиця","40 років Радянської Армії"
"Кіровський","Вулиця","40 років України"
"Кіровський","Провулок","40 років України"
"Кіровський","Вулиця","50 років Жовтня"
"Кіровський","Вулиця","50 років Радянської Армії"
"Ленінський","Провулок","Абаканський"
"Кіровський","Вулиця","Авіаційна"
"Кіровський","Вулиця","Автолюбителів"
"Ленінський","Вулиця","Адама Міцкевича"
"Ленінський","Вулиця","Аджамська"
"Ленінський","Проїзд","Аджамський"
"Ленінський","Провулок","Аджамський"
"Кіровський","Вулиця","Аерофлотська"
"Кіровський","Провулок","Азовський"
"Кіровський","Тупик","Азовський"
"Ленінський","Вулиця","Айвазовського"
"Ленінський","Провулок","Айвазовського"
"Кіровський","Вулиця","Академіка Корольова"
"Ленінський","Провулок","Акимівський"
"Ленінський","Вулиця","Акмолінська"
"Кіровський","Вулиця","Аксьонкіної"
"Ленінський","Вулиця","Алтайська"
"Ленінський","Провулок","Алтайський"
"Ленінський","Вулиця","Амурська"
"Ленінський","Провулок","Ананіївський"
"Ленінський","Тупик","Ананіївський"
"Кіровський","Вулиця","Андріївська"
"Кіровський","Провулок","Андріївський"
"Кіровський","Вулиця","Антонова"
"Кіровський","Провулок","Армійський"
"Кіровський","Тупик","Армійський"
"Ленінський","Провулок","Арнаутовський"
"Ленінський","Тупик","Арнаутовський"
"Ленінський","Вулиця","Арсенія Тарковського"
"Кіровський","Вулиця","Артема"
"Кіровський","Провулок","Артилерійський"
"Ленінський","Провулок","Артилерійський 1-й"
"Ленінський","Провулок","Артилерійський 2-й"
"Ленінський","Вулиця","Архангельська"
"Кіровський","Провулок","Архангельський"
"Ленінський","Вулиця","Архітектора Достоєвського"
"Ленінський","Провулок","Архітектора Достоєвського"
"Кіровський","Вулиця","Бабушкіна"
"Ленінський","Вулиця","Багратіона"
"Ленінський","Вулиця","Бажана"
"Ленінський","Вулиця","Баженова"
"Ленінський","Вулиця","Байкальська"
"Кіровський","Вулиця","Балашівська"
"Ленінський","Провулок","Балківський"
"Кіровський","Вулиця","Балтійська"
"Кіровський","Провулок","Банний"
"Кіровський","Вулиця","Барболіна"
"Ленінський","Вулиця","Барболіна"
"Ленінський","Вулиця","Батальйонна"
"Ленінський","Вулиця","Батарейна"
"Кіровський","Провулок","Батарейний"
"Кіровський","Провулок","Батумський"
"Ленінський","Вулиця","Баумана"
"Ленінський","Провулок","Баумана"
"Ленінський","Вулиця","Башкирська"
"Кіровський","Вулиця","Берегова"
"Кіровський","Провулок","Береговий"
"Кіровський","Тупик","Береговий"
"Ленінський","Вулиця","Бережинська"
"Ленінський","Провулок","Бережинський 1-й"
"Ленінський","Провулок","Бережний"
"Кіровський","Провулок","Березовий"
"Ленінський","Провулок","Береславський"
"Ленінський","Тупик","Береславський"
"Кіровський","Провулок","Бехтерева"
"Ленінський","Вулиця","Бєлгородська"
"Кіровський","Вулиця","Бєлінського"
"Кіровський","Вулиця","Бєляєва"
"Кіровський","Вулиця","Біанська Набережна"
"Кіровський","Тупик","Біанський"
"Ленінський","Провулок","Білоруський"
"Ленінський","Провулок","Бобринецький"
"Ленінський","Тупик","Бобринецький"
"Кіровський","Вулиця","Богдана Хмельницького"
"Кіровський","Площа","Богдана Хмельницького"
"Ленінський","Площа","Богдана Хмельницького"
"Кіровський","Вулиця","Боженка"
"Кіровський","Провулок","Боженка"
"Кіровський","Провулок","Бородінський"
"Кіровський","Провулок","Ботанічний"
"Кіровський","Вулиця","Братиславська"
"Кіровський","Провулок","Братиславський"
"Кіровський","Провулок","Братиславський 2-й"
"Кіровський","Вулиця","Братська"
"Кіровський","Вулиця","Брестська"
"Кіровський","Вулиця","Брянська"
"Кіровський","Вулиця","Будівельників"
"Кіровський","Провулок","Будівельників"
"Ленінський","Вулиця","Будьонного"
"Ленінський","Провулок","Будьонного"
"Кіровський","Вулиця","Буровугільна"
"Ленінський","Провулок","Бутовського"
"Ленінський","Вулиця","В'ячеслава Чорновола"
"Кіровський","Вулиця","Валентини Терешкової"
"Ленінський","Вулиця","Ванди Василевської"
"Кіровський","Вулиця","Варшавська"
"Ленінський","Вулиця","Василини"
"Кіровський","Провулок","Василівський"
"Ленінський","Вулиця","Васильківського"
"Ленінський","Провулок","Васильківського"
"Ленінський","Вулиця","Василя Стуса"
"Ленінський","Вулиця","Васнецова"
"Ленінський","Провулок","Васнецова"
"Ленінський","Вулиця","Ватутіна"
"Ленінський","Проїзд","Ватутіна"
"Ленінський","Провулок","Ватутіна"
"Ленінський","Тупик","Ватутіна"
"Ленінський","Вулиця","Велика Пермська"
"Кіровський","Вулиця","Велика Перспективна"
"Ленінський","Вулиця","Велика Перспективна"
"Кіровський","Провулок","Великовисківський"
"Ленінський","Вулиця","Вербицького"
"Ленінський","Провулок","Вербицького"
"Ленінський","Вулиця","Верещагіна"
"Кіровський","Тупик","Верхній"
"Кіровський","Тупик","Верхній Биковський"
"Ленінський","Провулок","Верхній Степовий"
"Ленінський","Провулок","Верхньовеселий"
"Кіровський","Вулиця","Верхня"
"Кіровський","Вулиця","Верхня Биковська"
"Ленінський","Вулиця","Верхня П'ятихатська"
"Ленінський","Вулиця","Верхня Прирічна"
"Ленінський","Провулок","Веселий"
"Ленінський","Тупик","Весняний"
"Кіровський","Проспект","Винниченка"
"Кіровський","Провулок","Виноградний"
"Кіровський","Вулиця","Виставочна"
"Кіровський","Провулок","Виставочний"
"Ленінський","Провулок","Витязівський"
"Кіровський","Вулиця","Вишнева"
"Кіровський","Провулок","Вишневий"
"Ленінський","Провулок","Вишняківський"
"Кіровський","Провулок","Відбійний"
"Кіровський","Провулок","Військовий"
"Кіровський","Вулиця","Віктора Чміленка"
"Ленінський","Вулиця","Віктора Чміленка"
"Кіровський","Провулок","Вільний"
"Ленінський","Вулиця","Вінницька"
"Кіровський","Вулиця","Вітебська"
"Кіровський","Провулок","Вітебський"
"Кіровський","Вулиця","Водогінна"
"Кіровський","Провулок","Водозбірний"
"Ленінський","Вулиця","Водоп'янова"
"Кіровський","Провулок","Водостічний"
"Ленінський","Провулок","Водяний"
"Кіровський","Вулиця","Волгоградська"
"Кіровський","Вулиця","Волинська"
"Кіровський","Вулиця","Волкова"
"Кіровський","Вулиця","Вологодська"
"Кіровський","Вулиця","Володимирська"
"Ленінський","Вулиця","Володі Дубініна"
"Ленінський","Вулиця","Волонтерська"
"Ленінський","Провулок","Волонтерський"
"Кіровський","Вулиця","Воровського"
"Ленінський","Вулиця","Воронезька"
"Ленінський","Вулиця","Воронцовська"
"Ленінський","Проїзд","Воронцовський"
"Ленінський","Провулок","Воронцовський"
"Ленінський","Тупик","Воронцовський"
"Кіровський","Вулиця","Восьмого Березня"
"Ленінський","Вулиця","Врубеля"
"Ленінський","Провулок","Вузький"
"Кіровський","Вулиця","Габдрахманова"
"Кіровський","Провулок","Габдрахманова"
"Ленінський","Вулиця","Гагаріна"
"Кіровський","Провулок","Гайдамацький"
"Кіровський","Вулиця","Гайдара"
"Ленінський","Вулиця","Галушкіна"
"Ленінський","Провулок","Гастелло"
"Ленінський","Провулок","Гаубичний"
"Ленінський","Тупик","Гаубичний"
"Ленінський","Вулиця","Гвардійська"
"Ленінський","Провулок","Гвардійський"
"Кіровський","Вулиця","Генерала Жадова"
"Ленінський","Вулиця","Генерала Родимцева"
"Ленінський","Вулиця","Генерала Шумілова"
"Ленінський","Вулиця","Героїв АТО"
"Ленінський","Провулок","Героїв АТО"
"Ленінський","Площа","Героїв Майдану"
"Кіровський","Вулиця","Героїв Сталінграда"
"Кіровський","Вулиця","Герцена"
"Кіровський","Провулок","Герцена"
"Кіровський","Вулиця","Гідросилівська"
"Кіровський","Провулок","Гірський"
"Кіровський","Вулиця","Глазунова"
"Кіровський","Вулиця","Глибка"
"Кіровський","Вулиця","Глинки"
"Кіровський","Провулок","Глинки"
"Кіровський","Вулиця","Глиняна"
"Кіровський","Провулок","Глухий"
"Кіровський","Вулиця","Гмирьова"
"Кіровський","Вулиця","Гната Юри"
"Кіровський","Вулиця","Гоголя"
"Ленінський","Вулиця","Гоголя"
"Кіровський","Провулок","Гоголя"
"Кіровський","Провулок","Голубиний"
"Кіровський","Вулиця","Горіхова"
"Кіровський","Провулок","Городній"
"Кіровський","Провулок","Горохова"
"Кіровський","Вулиця","Горького"
"Кіровський","Провулок","Госпітальний 1-й"
"Кіровський","Провулок","Госпітальний 2-й"
"Кіровський","Провулок","Госпітальний 3-й"
"Кіровський","Вулиця","Гранітна"
"Кіровський","Провулок","Гранітний"
"Кіровський","Провулок","Грибоєдова"
"Кіровський","Вулиця","Григорія Журбинського"
"Кіровський","Провулок","Григорія Журбинського"
"Кіровський","Вулиця","Григорія Кочерещенка"
"Кіровський","Вулиця","Григоровича"
"Кіровський","Провулок","Григоровича"
"Кіровський","Провулок","Гризодубової"
"Кіровський","Провулок","Грозненський"
"Кіровський","Провулок","Громадянський"
"Кіровський","Вулиця","Грузовий Двір"
"Кіровський","Вулиця","Грушевського"
"Кіровський","Провулок","Гулака-Артемовського"
"Кіровський","Вулиця","Гуляницького"
"Кіровський","Провулок","Давидовський"
"Кіровський","Вулиця","Дагестанська"
"Кіровський","Провулок","Дагестанський"
"Кіровський","Тупик","Дагестанський"
"Кіровський","Провулок","Далекий"
"Ленінський","Вулиця","Далекосхідна"
"Кіровський","Вулиця","Дарвіна"
"Кіровський","Провулок","Дачний"
"Ленінський","Вулиця","Дворцова"
"Кіровський","Вулиця","Дев'ятого Січня"
"Кіровський","Вулиця","Дегтярьова"
"Кіровський","Провулок","Дегтярьова"
"Кіровський","Вулиця","Декабристів"
"Ленінський","Вулиця","Декабристів"
"Кіровський","Провулок","Декабристів"
"Кіровський","Вулиця","Делегатська"
"Кіровський","Провулок","Делегатський"
"Кіровський","Вулиця","Дем'яна Бєдного"
"Кіровський","Вулиця","Десантників"
"Кіровський","Вулиця","Димитрова"
"Кіровський","Вулиця","Дмитра Донського"
"Кіровський","Провулок","Дмитра Донського"
"Кіровський","Вулиця","Дніпровська"
"Кіровський","Провулок","Дніпровський"
"Кіровський","Вулиця","Добровольського"
"Кіровський","Вулиця","Добролюбова"
"Кіровський","Провулок","Добролюбова"
"Кіровський","Провулок","Долгорукого"
"Кіровський","Вулиця","Донецька"
"Кіровський","Провулок","Донський"
"Кіровський","Вулиця","Дорошенка"
"Кіровський","Провулок","Достоєвського"
"Кіровський","Вулиця","Другої П'ятирічки"
"Кіровський","Вулиця","Дружби"
"Ленінський","Провулок","Дружби"
"Ленінський","Площа","Дружби народів"
"Ленінський","Провулок","Друку"
"Ленінський","Провулок","Дунаєвського"
"Ленінський","Вулиця","Дунайська"
"Ленінський","Провулок","Дунайський"
"Ленінський","Провулок","Експериментальний"
"Кіровський","Вулиця","Ельворті"
"Ленінський","Вулиця","Ельворті"
"Кіровський","Вулиця","Енгельса"
"Кіровський","Провулок","Енгельса"
"Кіровський","Вулиця","Енергетиків"
"Кіровський","Провулок","Енергетиків"
"Кіровський","Вулиця","Ентузіастів"
"Кіровський","Вулиця","Євгена Маланюка"
"Ленінський","Вулиця","Єгорова"
"Ленінський","Провулок","Желтовського"
"Кіровський","Вулиця","Желябова"
"Кіровський","Вулиця","Житомирська"
"Кіровський","Провулок","Жовтневий"
"Кіровський","Вулиця","Жовтневої революції"
"Ленінський","Вулиця","Жуковського"
"Ленінський","Вулиця","Завадівська"
"Ленінський","Провулок","Завадівський"
"Кіровський","Вулиця","Завадська"
"Кіровський","Провулок","Заводський"
"Кіровський","Провулок","Заводський 2-й"
"Кіровський","Провулок","Загірний"
"Кіровський","Вулиця","Загорська"
"Ленінський","Вулиця","Закарпатська"
"Ленінський","Вулиця","Залізнична"
"Кіровський","Вулиця","Залізнична 1-а"
"Кіровський","Вулиця","Залізнична 2-а"
"Кіровський","Провулок","Залізничний"
"Кіровський","Вулиця","Заміська"
"Ленінський","Вулиця","Запорозька"
"Ленінський","Провулок","Запорозький"
"Ленінський","Вулиця","Зарічна"
"Ленінський","Провулок","Зарічний"
"Ленінський","Провулок","Західний"
"Ленінський","Вулиця","Звенигородська"
"Ленінський","Провулок","Зелений"
"Ленінський","Вулиця","Зеленогірська"
"Ленінський","Вулиця","Зінченка"
"Ленінський","Провулок","Знам'янський"
"Кіровський","Вулиця","Зої Космодем'янської"
"Кіровський","Вулиця","Зоряна"
"Кіровський","Вулиця","Івана Богуна"
"Кіровський","Вулиця","Івана Мазепи"
"Кіровський","Вулиця","Івана Сірка"
"Кіровський","Вулиця","Івана Туркенича"
"Кіровський","Вулиця","Івана Франка"
"Кіровський","Провулок","Івана Франка"
"Кіровський","Провулок","Іванівський"
"Кіровський","Вулиця","Ізмаїльська"
"Кіровський","Провулок","Ізмаїльський"
"Кіровський","Вулиця","Інгульська"
"Кіровський","Вулиця","Інгульська Набережна"
"Кіровський","Провулок","Інгульський"
"Кіровський","Вулиця","Індустріальна"
"Кіровський","Проспект","Інженерів"
"Кіровський","Вулиця","Інженерна"
"Кіровський","Провулок","Ініціативний"
"Кіровський","Вулиця","Інтернаціональна"
"Кіровський","Провулок","Кабардинський"
"Кіровський","Вулиця","Кавалерійська"
"Ленінський","Вулиця","Кавалерійська"
"Кіровський","Вулиця","Кавказька"
"Кіровський","Вулиця","Кавказька Площа"
"Кіровський","Провулок","Кавказький"
"Кіровський","Вулиця","Казанська"
"Кіровський","Проїзд","Казанський"
"Кіровський","Провулок","Казанський"
"Кіровський","Вулиця","Калинова"
"Кіровський","Вулиця","Калнишевського"
"Кіровський","Вулиця","Калузька"
"Кіровський","Вулиця","Каляєва"
"Кіровський","Провулок","Кам'яний"
"Кіровський","Вулиця","Канатна"
"Кіровський","Вулиця","Канізька"
"Кіровський","Вулиця","Капітана 1-го рангу Олефіренка Ю.Б."
"Ленінський","Вулиця","Капітана 1-го рангу Олефіренка Ю.Б."
"Кіровський","Провулок","Кар'єрний"
"Кіровський","Тупик","Кар'єрний"
"Ленінський","Вулиця","Карабінерна"
"Кіровський","Вулиця","Карбишева"
"Ленінський","Вулиця","Карпатська"
"Ленінський","Провулок","Карпатський"
"Ленінський","Вулиця","Карусельна"
"Ленінський","Провулок","Карусельний"
"Кіровський","Провулок","Каспійський"
"Ленінський","Вулиця","Катранівська"
"Ленінський","Провулок","Катранівський"
"Кіровський","Вулиця","Каховська"
"Кіровський","Вулиця","Квіткова"
"Кіровський","Вулиця","Керченська"
"Кіровський","Провулок","Керченський"
"Кіровський","Вулиця","Київська"
"Ленінський","Вулиця","Київська"
"Кіровський","Провулок","Київський"
"Кіровський","Тупик","Київський"
"Кіровський","Вулиця","Кишинівська"
"Кіровський","Вулиця","Кільцева"
"Кіровський","Провулок","Кільцевий"
"Кіровський","Провулок","Кінний"
"Кіровський","Вулиця","Кіровоградська"
"Кіровський","Провулок","Клинцівський"
"Кіровський","Провулок","Ковалівський"
"Кіровський","Вулиця","Ковпака"
"Кіровський","Провулок","Ковпака"
"Кіровський","Вулиця","Козакова"
"Кіровський","Вулиця","Козацька"
"Кіровський","Провулок","Козацький"
"Ленінський","Провулок","Козачий"
"Кіровський","Вулиця","Колгоспна"
"Ленінський","Провулок","Колгоспний"
"Ленінський","Провулок","Колгоспний 1-й"
"Ленінський","Провулок","Колінчатий"
"Ленінський","Вулиця","Колодязна"
"Ленінський","Провулок","Колодязний"
"Кіровський","Вулиця","Комарова"
"Ленінський","Провулок","Комінтерна"
"Ленінський","Провулок","Компаніївський"
"Ленінський","Вулиця","Комсомольська"
"Ленінський","Вулиця","Комунальна"
"Ленінський","Провулок","Комунальний"
"Ленінський","Проспект","Комуністичний"
"Ленінський","Вулиця","Кондратюка"
"Ленінський","Провулок","Кондратюка"
"Ленінський","Провулок","Кооперативний"
"Кіровський","Вулиця","Короленка"
"Кіровський","Провулок","Короленка"
"Кіровський","Провулок","Короткий"
"Кіровський","Тупик","Косий В'їзд"
"Кіровський","Вулиця","Космонавта Попова"
"Кіровський","Провулок","Косокутний"
"Кіровський","Вулиця","Костромська"
"Кіровський","Вулиця","Костянтина Заслонова"
"Кіровський","Провулок","Костянтина Заслонова"
"Кіровський","Тупик","Костянтина Заслонова"
"Кіровський","Вулиця","Котляревського"
"Кіровський","Провулок","Котляревського"
"Кіровський","Вулиця","Котовського"
"Кіровський","Провулок","Котовського"
"Кіровський","Вулиця","Коцюбинського"
"Кіровський","Провулок","Коцюбинського"
"Кіровський","Вулиця","Крайова"
"Кіровський","Вулиця","Красіна"
"Кіровський","Провулок","Красіна"
"Кіровський","Вулиця","Краснодарська"
"Кіровський","Вулиця","Краснодонська"
"Кіровський","Провулок","Краснодонський"
"Кіровський","Вулиця","Краснопресненська"
"Кіровський","Вулиця","Красносільська"
"Кіровський","Вулиця","Красноярська"
"Кіровський","Вулиця","Кременчуцька"
"Кіровський","Вулиця","Криворізька"
"Кіровський","Провулок","Крилова"
"Кіровський","Вулиця","Кримська"
"Кіровський","Провулок","Кримський"
"Ленінський","Вулиця","Криничувата"
"Ленінський","Провулок","Криничуватий"
"Ленінський","Провулок","Кронштадський"
"Ленінський","Вулиця","Кропивницького"
"Кіровський","Провулок","Кропивницького"
"Кіровський","Вулиця","Кропоткіна"
"Ленінський","Провулок","Крутий"
"Ленінський","Вулиця","Ксені Ерделі"
"Кіровський","Вулиця","Кузнецова"
"Кіровський","Вулиця","Куйбишева"
"Кіровський","Вулиця","Кулібіна"
"Кіровський","Вулиця","Курганна"
"Кіровський","Провулок","Курінний"
"Кіровський","Вулиця","Куроп'ятникова"
"Кіровський","Вулиця","Курортна"
"Кіровський","Провулок","Курортний"
"Кіровський","Провулок","Курський"
"Кіровський","Тупик","Курський"
"Кіровський","Вулиця","Курчатова"
"Кіровський","Вулиця","Кутузова"
"Кіровський","Провулок","Кутузова"
"Ленінський","Провулок","Куцовський"
"Ленінський","Вулиця","Кущівська"
"Кіровський","Вулиця","Лазо"
"Кіровський","Провулок","Лазо"
"Кіровський","Провулок","Ламаний"
"Кіровський","Вулиця","Лебедєва"
"Кіровський","Вулиця","Леваневського"
"Кіровський","Вулиця","Лелеківська"
"Кіровський","Провулок","Лелеківський 1-й"
"Кіровський","Провулок","Лелеківський 2-й"
"Кіровський","Провулок","Лелеківський 3-й"
"Ленінський","Вулиця","Леніна"
"Ленінський","Вулиця","Лермонтова"
"Кіровський","Вулиця","Лесі Українки"
"Кіровський","Вулиця","Ливарна"
"Кіровський","Вулиця","Лисенка"
"Кіровський","Вулиця","Литвинова"
"Кіровський","Вулиця","Лізи Чайкіної"
"Кіровський","Вулиця","Лінія 1-а"
"Кіровський","Вулиця","Лінія 10-а"
"Кіровський","Вулиця","Лінія 2-а"
"Кіровський","Вулиця","Лінія 3-я"
"Кіровський","Вулиця","Лінія 4-а"
"Кіровський","Вулиця","Лінія 5-а"
"Кіровський","Вулиця","Лінія 6-а"
"Кіровський","Вулиця","Лінія 7-а"
"Кіровський","Вулиця","Лінія 8-а"
"Кіровський","Вулиця","Лінія 9-а"
"Кіровський","Провулок","Лісний"
"Кіровський","Вулиця","Лісопаркова"
"Кіровський","Провулок","Лозовий"
"Кіровський","Вулиця","Ломоносова"
"Кіровський","Вулиця","Луганська"
"Кіровський","Провулок","Луговий"
"Кіровський","Провулок","Луговий 1-й"
"Кіровський","Провулок","Луговий 2-й"
"Кіровський","Вулиця","Львівська"
"Кіровський","Провулок","Львівський"
"Кіровський","Провулок","Макаренка"
"Кіровський","Вулиця","Макарова"
"Кіровський","Провулок","Малий"
"Кіровський","Вулиця","Марії Заньковецької"
"Кіровський","Вулиця","Марії Ульянової"
"Кіровський","Вулиця","Маріупольська"
"Кіровський","Провулок","Маріупольський"
"Кіровський","Провулок","Маріупольський 1-й"
"Кіровський","Провулок","Маріупольський 2-й"
"Кіровський","Провулок","Маріупольський 3-й"
"Кіровський","Провулок","Маріупольський 4-й"
"Кіровський","Провулок","Маріупольський 5-й"
"Кіровський","Провулок","Маріупольський 6-й"
"Кіровський","Вулиця","Марка Вовчка"
"Кіровський","Вулиця","Марка Черемшини"
"Кіровський","Провулок","Маркшейдерський"
"Кіровський","Вулиця","Маршала Говорова"
"Кіровський","Провулок","Маршала Говорова"
"Кіровський","Вулиця","Маршала Конєва"
"Ленінський","Провулок","Масляниківський"
"Кіровський","Вулиця","Матвієнка"
"Кіровський","Вулиця","Маяковського"
"Кіровський","Вулиця","Медведєва"
"Кіровський","Провулок","Межовий"
"Кіровський","Вулиця","Межовий Бульвар"
"Кіровський","Вулиця","Мелітопольська"
"Кіровський","Вулиця","Менделєєва"
"Кіровський","Вулиця","Металургів"
"Кіровський","Вулиця","Мечникова"
"Кіровський","Вулиця","Микитенка"
"Кіровський","Вулиця","Миколаївська"
"Кіровський","Провулок","Миргородський"
"Ленінський","Провулок","Мирний"
"Ленінський","Тупик","Мирний"
"Кіровський","Вулиця","Миру"
"Кіровський","Тупик","Миру"
"Ленінський","Вулиця","Михайлівська"
"Ленінський","Вулиця","Мініна"
"Ленінський","Провулок","Мініна"
"Кіровський","Вулиця","Мінська"
"Кіровський","Провулок","Мінський"
"Ленінський","Тупик","Мінський"
"Кіровський","Вулиця","Мічуріна"
"Ленінський","Провулок","Млиновий"
"Ленінський","Вулиця","Можайського"
"Ленінський","Вулиця","Молодіжна"
"Ленінський","Провулок","Молодогвардійський"
"Ленінський","Вулиця","Морська"
"Ленінський","Провулок","Морський"
"Кіровський","Вулиця","Московська"
"Кіровський","Провулок","Московський"
"Кіровський","Тупик","Московський"
"Кіровський","Вулиця","Мотокросна"
"Кіровський","Провулок","Мотокросний"
"Кіровський","Вулиця","Мурманська"
"Кіровський","Провулок","Мурманський"
"Кіровський","Провулок","Мухіної"
"Кіровський","Вулиця","Набережна"
"Ленінський","Вулиця","Набережна"
"Кіровський","Вулиця","Народна"
"Кіровський","Вулиця","Нахімова"
"Ленінський","Площа","Незалежності"
"Кіровський","Вулиця","Нейгауза"
"Ленінський","Вулиця","Нейгауза"
"Кіровський","Вулиця","Некрасова"
"Ленінський","Провулок","Нестерова"
"Ленінський","Вулиця","Нижня"
"Ленінський","Вулиця","Нижня П'ятихатська"
"Ленінський","Вулиця","Нижня Прирічна"
"Ленінський","Провулок","Никанорівський"
"Ленінський","Вулиця","Нікопольська"
"Ленінський","Провулок","Нікопольський"
"Ленінський","Вулиця","Новгородська"
"Ленінський","Проїзд","Новгородський"
"Ленінський","Тупик","Новгородський"
"Ленінський","Провулок","Новгородський 1-й"
"Ленінський","Провулок","Новгородський 2-й"
"Ленінський","Провулок","Новий"
"Кіровський","Вулиця","Новозаводська"
"Кіровський","Провулок","Новозаводський"
"Кіровський","Провулок","Новоросійський"
"Кіровський","Вулиця","Новоселівська"
"Кіровський","Провулок","Новоселівський"
"Кіровський","Вулиця","Новосибірська"
"Кіровський","Вулиця","Новослобідська"
"Кіровський","Провулок","Новоукраїнський"
"Кіровський","Провулок","Об'їзний"
"Ленінський","Провулок","Об'їзний"
"Кіровський","Вулиця","Обознівська"
"Кіровський","Провулок","Обознівський"
"Кіровський","Провулок","Обривний"
"Кіровський","Вулиця","Овражна"
"Кіровський","Тупик","Овражний"
"Ленінський","Вулиця","Одеська"
"Кіровський","Вулиця","Озерна Балка"
"Кіровський","Провулок","Озерний"
"Кіровський","Тупик","Озерний"
"Ленінський","Провулок","Окружний"
"Кіровський","Вулиця","Олега Кошового"
"Кіровський","Провулок","Олеко Дундича"
"Ленінський","Вулиця","Олександра Матросова"
"Ленінський","Провулок","Олександра Матросова"
"Ленінський","Вулиця","Олександра Мурашка"
"Ленінський","Вулиця","Олександрійська"
"Ленінський","Шосе","Олександрійське"
"Ленінський","Провулок","Олександрійський"
"Ленінський","Тупик","Олександрійський"
"Ленінський","Провулок","Олексіївський"
"Ленінський","Вулиця","Олени Бур'янової"
"Кіровський","Вулиця","Олени Журливої"
"Кіровський","Вулиця","Олімпійська"
"Кіровський","Вулиця","Ольвіопольська"
"Кіровський","Вулиця","Ольги Кобилянської"
"Кіровський","Провулок","Ольги Кобилянської"
"Кіровський","Вулиця","Омська"
"Кіровський","Вулиця","Осипенко"
"Кіровський","Вулиця","Осмьоркіна"
"Кіровський","Провулок","Остапа Вишні"
"Кіровський","Вулиця","Острівська"
"Ленінський","Вулиця","Острівська"
"Кіровський","Вулиця","Очаківська"
"Кіровський","Провулок","Очаківський"
"Кіровський","Вулиця","Павла Сніцара"
"Кіровський","Вулиця","Павлика Морозова"
"Кіровський","Вулиця","Павлова"
"Кіровський","Вулиця","Павлоградська"
"Кіровський","Провулок","Павлоградський"
"Кіровський","Вулиця","Пальміро Тольятті"
"Кіровський","Вулиця","Панфіловців"
"Кіровський","Вулиця","Панфьорова"
"Кіровський","Вулиця","Паризької комуни"
"Кіровський","Провулок","Паризької комуни"
"Кіровський","Вулиця","Паркова"
"Кіровський","Вулиця","Партизанська"
"Кіровський","Вулиця","Пархоменка"
"Кіровський","Провулок","Пархоменка"
"Кіровський","Вулиця","Пацаєва"
"Ленінський","Вулиця","Пашутінська"
"Ленінський","Провулок","Перекопський"
"Ленінський","Проспект","Перемоги"
"Ленінський","Провулок","Перемоги"
"Ленінський","Вулиця","Першого Січня"
"Кіровський","Вулиця","Першої П'ятирічки"
"Кіровський","Вулиця","Першотравнева"
"Кіровський","Провулок","Першотравневий"
"Кіровський","Вулиця","Петра Лахмана"
"Кіровський","Провулок","Петра Лахмана"
"Кіровський","Вулиця","Петра Левченка"
"Кіровський","Вулиця","Петра Покаржевського"
"Кіровський","Провулок","Петра Покаржевського"
"Кіровський","Вулиця","Петра Чубинського"
"Кіровський","Вулиця","Петровського"
"Кіровський","Проїзд","Петровського"
"Кіровський","Провулок","Петровського"
"Кіровський","Тупик","Петровського"
"Кіровський","Вулиця","Печерська"
"Кіровський","Провулок","Печерський"
"Кіровський","Провулок","Пиманенка"
"Кіровський","Вулиця","Пирогова"
"Кіровський","Провулок","Південний"
"Кіровський","Вулиця","Північна"
"Кіровський","Провулок","Північний"
"Кіровський","Вулиця","Підлісна"
"Кіровський","Проїзд","Підлісний"
"Кіровський","Вулиця","Підполковника Майстерюка Р.А."
"Кіровський","Вулиця","Піонерська"
"Ленінський","Провулок","Піонерський"
"Ленінський","Провулок","Піший"
"Ленінський","Провулок","Плетений"
"Ленінський","Вулиця","Пляжна"
"Кіровський","Вулиця","Повітрянофлотська"
"Кіровський","Провулок","Повітрянофлотський"
"Кіровський","Провулок","Подільський"
"Кіровський","Вулиця","Пожарського"
"Кіровський","Провулок","Пожарського"
"Ленінський","Вулиця","Покровська"
"Ленінський","Провулок","Покровський"
"Кіровський","Вулиця","Ползунова"
"Ленінський","Вулиця","Полтавська"
"Ленінський","Провулок","Полтавський"
"Ленінський","Тупик","Полтавський"
"Ленінський","Вулиця","Польова"
"Кіровський","Вулиця","Полярна"
"Кіровський","Вулиця","Поперечна 1-а"
"Кіровський","Провулок","Попова"
"Кіровський","Вулиця","Поповича"
"Кіровський","Провулок","Поповича"
"Кіровський","Вулиця","Посадочна"
"Кіровський","Провулок","Поштовий"
"Кіровський","Проспект","Правди"
"Кіровський","Провулок","Правди"
"Ленінський","Вулиця","Преображенська"
"Кіровський","Вулиця","Прилуцька"
"Кіровський","Вулиця","Приміська"
"Кіровський","Провулок","Приморський"
"Кіровський","Провулок","Приморський 1-й"
"Кіровський","Провулок","Приморський 2-й"
"Кіровський","Вулиця","Прирічна"
"Кіровський","Провулок","Прирічний"
"Кіровський","Тупик","Прирічний"
"Кіровський","Тупик","Прогонний"
"Ленінський","Вулиця","Пролетарська"
"Ленінський","Вулиця","Промислова"
"Ленінський","Проспект","Промисловий"
"Ленінський","Провулок","Прорізний"
"Кіровський","Вулиця","Профінтерну"
"Кіровський","Вулиця","Профспілкова"
"Кіровський","Провулок","Прямий"
"Кіровський","Вулиця","Пугачова"
"Кіровський","Провулок","Пугачова"
"Кіровський","Вулиця","Пушкіна"
"Кіровський","Провулок","Пушкіна"
"Кіровський","Вулиця","Пшенична"
"Кіровський","Вулиця","Радищева"
"Кіровський","Провулок","Радіальний 1-й"
"Кіровський","Провулок","Радіальний 2-й"
"Кіровський","Провулок","Радіо"
"Кіровський","Вулиця","Радянська"
"Кіровський","Вулиця","Районна"
"Кіровський","Вулиця","Районний Бульвар"
"Кіровський","Вулиця","Рєпіна"
"Кіровський","Тупик","Рибальський"
"Кіровський","Провулок","Рибачий"
"Кіровський","Тупик","Рибачий"
"Кіровський","Вулиця","Ризька"
"Кіровський","Провулок","Ринковий"
"Кіровський","Вулиця","Рівненська"
"Кіровський","Провулок","Рівненський"
"Кіровський","Провулок","Річковий"
"Ленінський","Вулиця","Робоча"
"Кіровський","Вулиця","Родникова"
"Кіровський","Провулок","Родниковий"
"Кіровський","Тупик","Родниковий"
"Кіровський","Провулок","Роздільний 1-й"
"Кіровський","Провулок","Роздільний 2-й"
"Кіровський","Провулок","Ростовський"
"Ленінський","Провулок","Руднєва"
"Кіровський","Вулиця","Рум'янцева"
"Кіровський","Провулок","Рум'янцева"
"Кіровський","Вулиця","Ручайна"
"Кіровський","Вулиця","Рязанська"
"Кіровський","Вулиця","Садова"
"Кіровський","Провулок","Садовий"
"Кіровський","Вулиця","Сакко і Ванцетті"
"Кіровський","Провулок","Саксаганського"
"Ленінський","Провулок","Салганний"
"Ленінський","Вулиця","Салганні піски"
"Кіровський","Вулиця","Салтикова-Щедрина"
"Кіровський","Провулок","Салтикова-Щедрина"
"Ленінський","Провулок","Санаторний"
"Ленінський","Вулиця","Саратовська"
"Ленінський","Вулиця","Свердлова"
"Ленінський","Провулок","Свердлова"
"Ленінський","Вулиця","Світла"
"Ленінський","Провулок","Світлий"
"Кіровський","Вулиця","Світловодська"
"Ленінський","Вулиця","Світлогорська"
"Ленінський","Вулиця","Світлогорська 1-а"
"Ленінський","Вулиця","Світлогорська 2-а"
"Ленінський","Провулок","Світлогорський"
"Ленінський","Тупик","Світлогорський"
"Кіровський","Вулиця","Свободи"
"Кіровський","Вулиця","Севастопольська"
"Кіровський","Провулок","Севастопольський"
"Кіровський","Вулиця","Селище Миру"
"Кіровський","Вулиця","Семена Палія"
"Кіровський","Провулок","Семенівський"
"Кіровський","Вулиця","Сергія Тюленіна"
"Кіровський","Провулок","Середній"
"Кіровський","Провулок","Середній В'їзд"
"Кіровський","Вулиця","Середня П'ятихатська"
"Ленінський","Вулиця","Сєдова"
"Ленінський","Провулок","Сєдова"
"Кіровський","Вулиця","Сєрова"
"Кіровський","Провулок","Сибірський"
"Кіровський","Вулиця","Сиваська"
"Кіровський","Провулок","Сільський"
"Кіровський","Вулиця","Сімферопольська"
"Кіровський","Провулок","Сінний"
"Ленінський","Вулиця","Січова"
"Ленінський","Провулок","Січовий"
"Ленінський","Провулок","Скелястий"
"Ленінський","Вулиця","Сковороди"
"Ленінський","Вулиця","Скринченка"
"Кіровський","Вулиця","Скульського"
"Кіровський","Вулиця","Слави"
"Кіровський","Провулок","Славний"
"Кіровський","Вулиця","Слов'янська"
"Кіровський","Проїзд","Слов'янський"
"Кіровський","Провулок","Слов'янський"
"Кіровський","Тупик","Слов'янський"
"Кіровський","Вулиця","Смоленська"
"Кіровський","Провулок","Смоленський"
"Кіровський","Вулиця","Соколовська"
"Кіровський","Провулок","Солдатський"
"Кіровський","Вулиця","Солодка Балка"
"Кіровський","Провулок","Сонячний"
"Кіровський","Вулиця","Сорокаріччя Перемоги"
"Кіровський","Провулок","Сосновий"
"Кіровський","Вулиця","Соціалістична"
"Кіровський","Провулок","Соціалістичний"
"Кіровський","Провулок","Союзний"
"Ленінський","Провулок","Спаський"
"Кіровський","Вулиця","Спренжина"
"Кіровський","Провулок","Спускний"
"Ленінський","Вулиця","Станіславська"
"Ленінський","Вулиця","Старицького"
"Кіровський","Вулиця","Ствольна"
"Ленінський","Вулиця","Степана Разіна"
"Ленінський","Провулок","Степана Разіна"
"Кіровський","Вулиця","Степанова"
"Кіровський","Вулиця","Степняка-Кравчинського"
"Ленінський","Провулок","Степовий"
"Ленінський","Тупик","Степовий"
"Ленінський","Провулок","Студентський"
"Кіровський","Вулиця","Суворова"
"Ленінський","Вулиця","Суворова"
"Кіровський","Провулок","Суворова"
"Кіровський","Вулиця","Сулими"
"Кіровський","Вулиця","Сумська"
"Кіровський","Вулиця","Сурикова"
"Кіровський","Провулок","Сурикова"
"Кіровський","Провулок","Сухомлинського"
"Кіровський","Вулиця","Сухумська"
"Кіровський","Провулок","Сухумський"
"Ленінський","Вулиця","Східна"
"Ленінський","Провулок","Східний"
"Ленінський","Вулиця","Таврійська"
"Ленінський","Провулок","Таврійський"
"Ленінський","Вулиця","Тамбовська"
"Кіровський","Вулиця","Тарана"
"Кіровський","Вулиця","Тельмана"
"Кіровський","Вулиця","Теплична"
"Кіровський","Провулок","Тепличний"
"Кіровський","Вулиця","Тернопільська"
"Кіровський","Вулиця","Тимірязєва"
"Ленінський","Вулиця","Тимірязєва"
"Ленінський","Провулок","Тимірязєва"
"Ленінський","Провулок","Тираспольський"
"Кіровський","Провулок","Титова"
"Кіровський","Вулиця","Тиха"
"Кіровський","Провулок","Тихий"
"Кіровський","Проїзд","Тінистий"
"Кіровський","Вулиця","Тобілевича"
"Кіровський","Провулок","Товариський"
"Кіровський","Провулок","Товарний"
"Кіровський","Вулиця","Толбухіна"
"Кіровський","Провулок","Толбухіна"
"Кіровський","Вулиця","Толстого"
"Кіровський","Вулиця","Тореза"
"Кіровський","Провулок","Травневий"
"Кіровський","Провулок","Тракторний"
"Кіровський","Провулок","Третього Вересня"
"Кіровський","Вулиця","Трикутна"
"Кіровський","Вулиця","Тульська"
"Кіровський","Вулиця","Тургенєва"
"Кіровський","Вулиця","Ударна"
"Кіровський","Вулиця","Українська"
"Кіровський","Провулок","Український"
"Ленінський","Вулиця","Ульяновська"
"Ленінський","Провулок","Уляни Громової"
"Кіровський","Проспект","Університетський"
"Кіровський","Провулок","Уральський"
"Кіровський","Тупик","Уральський"
"Кіровський","Вулиця","Урицького"
"Кіровський","Провулок","Урицького"
"Кіровський","Вулиця","Урожайна"
"Кіровський","Провулок","Успенського"
"Кіровський","Провулок","Уссурійський"
"Кіровський","Провулок","Училищний"
"Кіровський","Вулиця","Ушакова"
"Ленінський","Вулиця","Ушакова"
"Кіровський","Провулок","Ушинського"
"Кіровський","Вулиця","Фадєєва"
"Кіровський","Провулок","Фізкультурний"
"Кіровський","Вулиця","Філатова"
"Кіровський","Вулиця","Фісановича"
"Кіровський","Провулок","Фортечний"
"Кіровський","Вулиця","Фурманова"
"Кіровський","Вулиця","Хабаровська"
"Кіровський","Вулиця","Халтуріна"
"Кіровський","Провулок","Халтуріна"
"Ленінський","Вулиця","Харківська"
"Ленінський","Провулок","Харківський"
"Ленінський","Вулиця","Херсонська"
"Ленінський","Провулок","Херсонський"
"Ленінський","Вулиця","Художника Їжакевича"
"Ленінський","Вулиця","Художника Ярошенка"
"Ленінський","Провулок","Цегельний"
"Ленінський","Тупик","Цегельний"
"Ленінський","Провулок","Центральний"
"Кіровський","Провулок","Цеховий"
"Кіровський","Вулиця","Цілинна"
"Кіровський","Вулиця","Ціолковського"
"Ленінський","Вулиця","Чайковського"
"Ленінський","Провулок","Чайковського"
"Ленінський","Провулок","Чапаєвський"
"Ленінський","Провулок","Челюскінців"
"Ленінський","Провулок","Червоний"
"Ленінський","Вулиця","Червоноармійська"
"Ленінський","Вулиця","Червоногірська"
"Кіровський","Вулиця","Червонозорівська"
"Кіровський","Провулок","Червонозорівський"
"Кіровський","Вулиця","Червоносільська"
"Кіровський","Вулиця","Червонофлотська"
"Ленінський","Вулиця","Черкаська"
"Ленінський","Провулок","Черкаський"
"Ленінський","Вулиця","Чернишевського"
"Ленінський","Провулок","Чернишевського"
"Ленінський","Вулиця","Чернишова"
"Ленінський","Вулиця","Чернігівська"
"Ленінський","Провулок","Черняхівський"
"Кіровський","Вулиця","Чехова"
"Кіровський","Вулиця","Чигиринська"
"Кіровський","Вулиця","Чкалова"
"Кіровський","Вулиця","Чорноморська"
"Кіровський","Вулиця","Чугуєвська"
"Кіровський","Вулиця","Шатила"
"Кіровський","Провулок","Шаховий"
"Кіровський","Вулиця","Шахтарська"
"Кіровський","Провулок","Шахтарський"
"Ленінський","Вулиця","Шевченка"
"Ленінський","Провулок","Шевченка"
"Ленінський","Вулиця","Шишкіна"
"Ленінський","Провулок","Шишкіна"
"Кіровський","Вулиця","Шканди"
"Кіровський","Вулиця","Шкільна"
"Кіровський","Провулок","Шкільний 1-й"
"Кіровський","Провулок","Шкільний 2-й"
"Кіровський","Вулиця","Шмідта"
"Кіровський","Провулок","Шосейний"
"Кіровський","Вулиця","Шульгиних"
"Ленінський","Вулиця","Шульгиних"
"Кіровський","Провулок","Щербаковський"
"Кіровський","Вулиця","Щорса"
"Кіровський","Вулиця","Юрія Власенка"
"Ленінський","Провулок","Юрія Смирнова"
"Ленінський","Провулок","Яблуневий"
"Ленінський","Вулиця","Яворницького"
"Ленінський","Вулиця","Якуба Коласа"
"Ленінський","Вулиця","Ялтинська"
"Кіровський","Вулиця","Яновського"
"Кіровський","Вулиця","Ярославська"
"Кіровський","Вулиця","Ястребова"
"Кіровський","Провулок","Ястребова"
